{"sun": [[2415030.499968206, 292.011180478, -21.909372747], [2418103.500095864, 78.738548244, 23.047080685], [2421178.500221714, 225.815288774, -17.279443682], [2423886.500272973, 19.243838624, 8.135095267], [2426961.500277146, 168.998477421, 4.732157076], [2429670.500282902, 323.504082617, -14.462955526], [2432743.500329384, 110.131197756, 22.157841782], [2435818.5003694, 257.968702839, -22.982311981], [2438526.500409475, 47.884397823, 17.831564113], [2441601.500499337, 196.387166338, -6.975346944], [2444309.500586165, 351.336656717, -3.736338178], [2447384.500650194, 140.976858067, 15.271362028], [2450093.500710829, 291.67021841, -21.943243824], [2453167.500747681, 79.56555788, 23.093741796], [2456242.500774981, 226.54631251, -17.468017208], [2458950.500803113, 19.933018711, 8.406997914], [2462025.500799721, 169.693508449, 4.435021207], [2464734.500800354, 324.193255284, -14.228489765], [2467807.500806005, 110.95297702, 22.038746487], [2470882.500816909, 258.735049895, -23.025785385], [2473590.500830858, 48.649957677, 18.023493865], [2476665.500851635, 197.080258064, -7.253356578], [2479373.50087428, 352.00376285, -3.449861523], [2482448.500904931, 141.734188993, 15.022456728], [2485157.500936284, 292.418368067, -21.826795183]], "moon": [[2415030.499968206, 51.83097195, 21.13975945], [2418103.500095864, 212.910043276, -8.342332209], [2421178.500221714, 59.005132292, 24.354862043], [2423886.500272973, 94.792582726, 19.105531534], [2426961.500277146, 305.243936929, -23.35600911], [2429670.500282902, 350.014491171, -1.418686437], [2432743.500329384, 168.658462292, 9.414112047], [2435818.5003694, 353.142797306, 2.195640314], [2438526.500409475, 36.999047641, 10.177357518], [2441601.500499337, 234.855456689, -23.66309142], [2444309.500586165, 272.890055965, -19.02549178], [2447384.500650194, 124.898657633, 23.206157031], [2450093.500710829, 166.502379361, 2.640558353], [2453167.500747681, 5.214161287, -1.094046268], [2456242.500774981, 186.296379691, -6.981713316], [2458950.500803113, 240.490564627, -18.120428854], [2462025.500799721, 64.064744009, 24.947533046], [2464734.500800354, 130.855140835, 16.512091], [2467807.500806005, 300.242611407, -24.200366119], [2470882.500816909, 145.712197423, 10.487702616], [2473590.500830858, 182.398181227, 2.427884468], [2476665.500851635, 14.9768784, 9.690465669], [2479373.50087428, 62.480915957, 18.623349939], [2482448.500904931, 247.928564947, -25.271164264], [2485157.500936284, 318.037606429, -15.412812433]], "mercury": [[2415030.499968206, 272.994882089, -23.63928826], [2418103.500095864, 104.59573441, 23.64882751], [2421178.500221714, 218.422201049, -14.124128286], [2423886.500272973, 35.8561522, 16.425873134], [2426961.500277146, 155.149378586, 11.804672748], [2429670.500282902, 331.658443141, -13.374922894], [2432743.500329384, 89.532555253, 19.741075123], [2435818.5003694, 274.533672811, -25.661363594], [2438526.500409475, 30.236113733, 9.691255952], [2441601.500499337, 209.919891239, -12.962588485], [2444309.500586165, 341.491459497, -4.561969519], [2447384.500650194, 149.536500301, 14.165098159], [2450093.500710829, 307.15421236, -18.039511108], [2453167.500747681, 69.356459354, 21.7987158], [2456242.500774981, 240.631282767, -22.409058992], [2458950.500803113, 0.712282315, -2.436487079], [2462025.500799721, 192.74979581, -8.831929176], [2464734.500800354, 300.216877027, -20.998340098], [2467807.500806005, 137.722513156, 16.738474328], [2470882.500816909, 243.003448044, -20.292643735], [2473590.500830858, 64.916043076, 23.419576021], [2476665.500851635, 181.436780134, 1.275593995], [2479373.50087428, 353.317416749, -4.565191849], [2482448.500904931, 130.241881842, 14.280781842], [2485157.500936284, 288.309136225, -24.057189043]], "venus": [[2415030.499968206, 321.767985297, -16.807341414], [2418103.500095864, 113.584108787, 23.074011188], [2421178.500221714, 189.383577988, -2.158231399], [2423886.500272973, 63.610903742, 24.187524444], [2426961.500277146, 123.87247532, 17.503520698], [2429670.500282902, 358.929369664, -1.291018044], [2432743.500329384, 84.935162921, 18.263642661], [2435818.5003694, 227.097767598, -15.892295904], [2438526.500409475, 91.239353484, 27.477216469], [2441601.500499337, 158.462266282, 9.650324923], [2444309.500586165, 31.946069178, 14.46515701], [2447384.500650194, 93.552930233, 19.45890974], [2450093.500710829, 327.760656705, -14.827901359], [2453167.500747681, 75.149489996, 21.938572907], [2456242.500774981, 195.780303576, -4.817999427], [2458950.500803113, 63.589974227, 25.523196463], [2462025.500799721, 127.633310624, 17.85434128], [2464734.500800354, 4.320546434, 1.687501991], [2467807.500806005, 66.030296585, 17.309848945], [2470882.500816909, 234.776691575, -18.179663914], [2473590.500830858, 66.882236111, 26.208113324], [2476665.500851635, 164.641614238, 7.67004091], [2479373.50087428, 34.279968708, 16.628396405], [2482448.500904931, 94.777711722, 20.726307927], [2485157.500936284, 334.111387005, -12.390109483]], "mars": [[2415030.499968206, 293.512367477, -22.682807418], [2418103.500095864, 103.77927917, 23.960880452], [2421178.500221714, 253.058362127, -23.350208213], [2423886.500272973, 293.758623192, -22.535542749], [2426961.500277146, 116.01056249, 22.136261934], [2429670.500282902, 23.841110269, 10.360303735], [2432743.500329384, 176.923109037, 1.877965534], [2435818.5003694, 2.21649159, 0.613897266], [2438526.500409475, 30.539799039, 11.843902818], [2441601.500499337, 186.304228861, -1.758135502], [2444309.500586165, 153.838850474, 15.179074597], [2447384.500650194, 10.948411287, -0.653506431], [2450093.500710829, 304.508636015, -20.774331726], [2453167.500747681, 113.866383651, 22.886499091], [2456242.500774981, 264.953505161, -24.446777761], [2458950.500803113, 310.501328891, -19.461686593], [2462025.500799721, 126.60941593, 20.233847882], [2464734.500800354, 36.784965681, 15.563726659], [2467807.500806005, 187.408414764, -3.1172322], [2470882.500816909, 27.705132603, 12.193687866], [2473590.500830858, 40.915864206, 15.606009403], [2476665.500851635, 194.543508123, -5.471263515], [2479373.50087428, 184.048583366, 2.274617503], [2482448.500904931, 38.58936529, 12.310864643], [2485157.500936284, 316.204067503, -17.869756091]], "jupiter": [[2415030.499968206, 241.151682411, -19.972100065], [2418103.500095864, 133.325410883, 18.297659219], [2421178.500221714, 26.559946995, 9.379715757], [2423886.500272973, 259.031491389, -22.346607906], [2426961.500277146, 158.743310403, 9.910931222], [2429670.500282902, 7.707951954, 2.07254842], [2432743.500329384, 260.255430988, -22.76628299], [2435818.5003694, 180.279046164, 1.189096657], [2438526.500409475, 34.862790032, 12.867424152], [2441601.500499337, 271.880634644, -23.480737792], [2444309.500586165, 155.753309008, 11.511493952], [2447384.500650194, 61.190270662, 19.836784956], [2450093.500710829, 271.878606854, -23.193958698], [2453167.500747681, 162.821546853, 8.611647202], [2456242.500774981, 72.890741116, 21.672429388], [2458950.500803113, 297.50340464, -21.118716389], [2462025.500799721, 183.82446133, -0.454185309], [2464734.500800354, 40.783909023, 14.825095092], [2467807.500806005, 306.169332269, -19.852841879], [2470882.500816909, 207.634224516, -10.12723414], [2473590.500830858, 66.309414854, 21.09766846], [2476665.500851635, 309.666662006, -19.319167185], [2479373.50087428, 191.67562827, -3.309337618], [2482448.500904931, 96.789757061, 23.026993365], [2485157.500936284, 303.513256096, -20.277131784]],